{
  "\"Do you know what 'DK' stands for?\"": {
    "earned": false,
    "earned_time": 0
  },
  "#FORZATHON Sweep": {
    "earned": false,
    "earned_time": 0
  },
  "75890": {
    "earned": false,
    "earned_time": 0
  },
  "75892": {
    "earned": false,
    "earned_time": 0
  },
  "A Creature of Habit": {
    "earned": false,
    "earned_time": 0
  },
  "A New Challenger Approaches": {
    "earned": false,
    "earned_time": 0
  },
  "A Pleasant Racing Green": {
    "earned": false,
    "earned_time": 0
  },
  "A Race in the Crowd": {
    "earned": false,
    "earned_time": 0
  },
  "A Summer in Pole Position": {
    "earned": false,
    "earned_time": 0
  },
  "A Wild Challenge Card Appears!": {
    "earned": false,
    "earned_time": 0
  },
  "ALL THE STARS": {
    "earned": false,
    "earned_time": 0
  },
  "Accomplished Driver": {
    "earned": true,
    "earned_time": 1700741189
  },
  "An Illustrious Career": {
    "earned": false,
    "earned_time": 0
  },
  "Antiques Roadshow": {
    "earned": false,
    "earned_time": 0
  },
  "Apex Predator": {
    "earned": false,
    "earned_time": 0
  },
  "At One with the Car": {
    "earned": false,
    "earned_time": 0
  },
  "Attraction to Traction": {
    "earned": false,
    "earned_time": 0
  },
  "Auto Barn": {
    "earned": true,
    "earned_time": 1700741170
  },
  "Autumn-mobiles": {
    "earned": false,
    "earned_time": 0
  },
  "Backbone of Britain": {
    "earned": false,
    "earned_time": 0
  },
  "Better get Kraken": {
    "earned": false,
    "earned_time": 0
  },
  "Block-Buster": {
    "earned": false,
    "earned_time": 0
  },
  "Bouncin' Buggies": {
    "earned": true,
    "earned_time": 1702038825
  },
  "Bouncy Bouncy, Having Such a Good Time!": {
    "earned": true,
    "earned_time": 1700989016
  },
  "Break the Targets!": {
    "earned": false,
    "earned_time": 0
  },
  "Brick Built": {
    "earned": false,
    "earned_time": 0
  },
  "Brick Horsepower": {
    "earned": false,
    "earned_time": 0
  },
  "Bully": {
    "earned": false,
    "earned_time": 0
  },
  "Cars with Benefits": {
    "earned": true,
    "earned_time": 1700741186
  },
  "Cashing In": {
    "earned": false,
    "earned_time": 0
  },
  "Certified Adventurer": {
    "earned": false,
    "earned_time": 0
  },
  "Clutch Isn't Just for Cars": {
    "earned": false,
    "earned_time": 0
  },
  "Coronation Trickin'": {
    "earned": false,
    "earned_time": 0
  },
  "Danish Hasty": {
    "earned": false,
    "earned_time": 0
  },
  "Double Whammy": {
    "earned": false,
    "earned_time": 0
  },
  "Drift Club Island": {
    "earned": false,
    "earned_time": 0
  },
  "Drifters Paradise": {
    "earned": false,
    "earned_time": 0
  },
  "Driving Detective": {
    "earned": false,
    "earned_time": 0
  },
  "Eat, Sleep, Race, Repeat": {
    "earned": false,
    "earned_time": 0
  },
  "Elementary": {
    "earned": false,
    "earned_time": 0
  },
  "Encore?": {
    "earned": false,
    "earned_time": 0
  },
  "Endless prop-abilities": {
    "earned": false,
    "earned_time": 0
  },
  "Eventful": {
    "earned": false,
    "earned_time": 0
  },
  "Exodus of Exoset": {
    "earned": false,
    "earned_time": 0
  },
  "Eyes on the Prize": {
    "earned": false,
    "earned_time": 0
  },
  "Fast Forward": {
    "earned": false,
    "earned_time": 0
  },
  "First Blood": {
    "earned": false,
    "earned_time": 0
  },
  "First Love": {
    "earned": true,
    "earned_time": 1700741157
  },
  "First Promo-tion": {
    "earned": true,
    "earned_time": 1700741177
  },
  "First-Time Adventurer": {
    "earned": false,
    "earned_time": 0
  },
  "Flawless Brickstory": {
    "earned": false,
    "earned_time": 0
  },
  "Fortune for All": {
    "earned": false,
    "earned_time": 0
  },
  "Foundations": {
    "earned": false,
    "earned_time": 0
  },
  "Frequent Flyer": {
    "earned": false,
    "earned_time": 0
  },
  "From Aston Martin to Bentley": {
    "earned": false,
    "earned_time": 0
  },
  "Full of Zest": {
    "earned": false,
    "earned_time": 0
  },
  "German Efficiency": {
    "earned": false,
    "earned_time": 0
  },
  "Get Rich and Drive Tryin'": {
    "earned": false,
    "earned_time": 0
  },
  "Go the Distance": {
    "earned": true,
    "earned_time": 1700741234
  },
  "Going the Extra Mile": {
    "earned": false,
    "earned_time": 0
  },
  "Gotta Smash Them All": {
    "earned": false,
    "earned_time": 0
  },
  "Ground Force": {
    "earned": false,
    "earned_time": 0
  },
  "Hatch Me If You Can": {
    "earned": false,
    "earned_time": 0
  },
  "Head Hunter": {
    "earned": false,
    "earned_time": 0
  },
  "Heads Up": {
    "earned": false,
    "earned_time": 0
  },
  "High Roller": {
    "earned": false,
    "earned_time": 0
  },
  "Hit the Jackpot": {
    "earned": true,
    "earned_time": 1700741183
  },
  "Horizon Airlines": {
    "earned": false,
    "earned_time": 0
  },
  "Horizon Fashion Week": {
    "earned": false,
    "earned_time": 0
  },
  "Horizon Superstar": {
    "earned": false,
    "earned_time": 0
  },
  "How Hard Could it Be?": {
    "earned": false,
    "earned_time": 0
  },
  "Human After All": {
    "earned": false,
    "earned_time": 0
  },
  "Hunter Gatherer": {
    "earned": false,
    "earned_time": 0
  },
  "I Feel the Need": {
    "earned": false,
    "earned_time": 0
  },
  "I live my life&": {
    "earned": false,
    "earned_time": 0
  },
  "In the Brick of Time": {
    "earned": false,
    "earned_time": 0
  },
  "In the Zone": {
    "earned": false,
    "earned_time": 0
  },
  "Intact& Mostly": {
    "earned": false,
    "earned_time": 0
  },
  "Its a Trap": {
    "earned": false,
    "earned_time": 0
  },
  "Jolly Cooperation": {
    "earned": false,
    "earned_time": 0
  },
  "Kingmaker": {
    "earned": false,
    "earned_time": 0
  },
  "LEGO of your fears": {
    "earned": false,
    "earned_time": 0
  },
  "LEGO& Valley Tour": {
    "earned": false,
    "earned_time": 0
  },
  "Last Car Standing": {
    "earned": false,
    "earned_time": 0
  },
  "Learning to Fly": {
    "earned": false,
    "earned_time": 0
  },
  "Let Me Live That Fantasy": {
    "earned": false,
    "earned_time": 0
  },
  "Leviathan Slayer": {
    "earned": false,
    "earned_time": 0
  },
  "Life of the Party": {
    "earned": false,
    "earned_time": 0
  },
  "Made the Cut": {
    "earned": true,
    "earned_time": 1700741204
  },
  "Make Louis Proud": {
    "earned": false,
    "earned_time": 0
  },
  "Master Builder": {
    "earned": false,
    "earned_time": 0
  },
  "Master of Many": {
    "earned": true,
    "earned_time": 1700741231
  },
  "Microscale Explorer": {
    "earned": false,
    "earned_time": 0
  },
  "Mini Adventure": {
    "earned": false,
    "earned_time": 0
  },
  "Muddied": {
    "earned": true,
    "earned_time": 1700741163
  },
  "Never Tell Me the Odds": {
    "earned": false,
    "earned_time": 0
  },
  "Not Just Straight-line Speed": {
    "earned": false,
    "earned_time": 0
  },
  "Official Horizon Board Game": {
    "earned": false,
    "earned_time": 0
  },
  "Optional Extras": {
    "earned": true,
    "earned_time": 1700741228
  },
  "Out-of-Towners": {
    "earned": false,
    "earned_time": 0
  },
  "Pacifist": {
    "earned": false,
    "earned_time": 0
  },
  "Paved with Gold": {
    "earned": false,
    "earned_time": 0
  },
  "Picture Perfect": {
    "earned": false,
    "earned_time": 0
  },
  "Pride Before the Fall": {
    "earned": false,
    "earned_time": 0
  },
  "Process of Elimination": {
    "earned": false,
    "earned_time": 0
  },
  "Purple Split": {
    "earned": false,
    "earned_time": 0
  },
  "Ransacked": {
    "earned": false,
    "earned_time": 0
  },
  "Reaping the Rewards": {
    "earned": false,
    "earned_time": 0
  },
  "Record Breaker": {
    "earned": false,
    "earned_time": 0
  },
  "Release the Quacken": {
    "earned": false,
    "earned_time": 0
  },
  "Road Warrior": {
    "earned": true,
    "earned_time": 1700741160
  },
  "SKILLING STREAK!": {
    "earned": false,
    "earned_time": 0
  },
  "Scandinavian Brick": {
    "earned": false,
    "earned_time": 0
  },
  "Scavenger": {
    "earned": false,
    "earned_time": 0
  },
  "Seasoned to Victory": {
    "earned": true,
    "earned_time": 1702040415
  },
  "Second Century": {
    "earned": true,
    "earned_time": 1700992964
  },
  "Seeing Stars": {
    "earned": false,
    "earned_time": 0
  },
  "Series Business": {
    "earned": false,
    "earned_time": 0
  },
  "Seven Squared": {
    "earned": false,
    "earned_time": 0
  },
  "Simples!": {
    "earned": false,
    "earned_time": 0
  },
  "Skill Master": {
    "earned": false,
    "earned_time": 0
  },
  "Skillz": {
    "earned": true,
    "earned_time": 1700741201
  },
  "Smashing": {
    "earned": false,
    "earned_time": 0
  },
  "Snorkles Not Needed": {
    "earned": false,
    "earned_time": 0
  },
  "Speed Champion": {
    "earned": false,
    "earned_time": 0
  },
  "Spring Into Action": {
    "earned": true,
    "earned_time": 1700741222
  },
  "Spring into Racing": {
    "earned": false,
    "earned_time": 0
  },
  "Stay Home": {
    "earned": true,
    "earned_time": 1700741210
  },
  "Stay Safe": {
    "earned": true,
    "earned_time": 1700741195
  },
  "Stunt Puller": {
    "earned": false,
    "earned_time": 0
  },
  "Taking the Grand Tour": {
    "earned": false,
    "earned_time": 0
  },
  "Tame the Monster": {
    "earned": true,
    "earned_time": 1700741198
  },
  "Taxi!!!": {
    "earned": true,
    "earned_time": 1700741173
  },
  "Teamwork Makes the Dream Work": {
    "earned": false,
    "earned_time": 0
  },
  "Teeth Cut": {
    "earned": false,
    "earned_time": 0
  },
  "Test your Might": {
    "earned": false,
    "earned_time": 0
  },
  "The Big One": {
    "earned": false,
    "earned_time": 0
  },
  "The Dark Side of the Hoon": {
    "earned": true,
    "earned_time": 1700741167
  },
  "The Final Twelve": {
    "earned": false,
    "earned_time": 0
  },
  "The Horizon Super7": {
    "earned": false,
    "earned_time": 0
  },
  "The Island Conqueror!": {
    "earned": false,
    "earned_time": 0
  },
  "The Magnificent 77": {
    "earned": false,
    "earned_time": 0
  },
  "The Noisy Cartographer": {
    "earned": false,
    "earned_time": 0
  },
  "The OG": {
    "earned": false,
    "earned_time": 0
  },
  "The Spirit of Adventure": {
    "earned": false,
    "earned_time": 0
  },
  "The Variator": {
    "earned": false,
    "earned_time": 0
  },
  "The Wonderful World of Car Insurance": {
    "earned": true,
    "earned_time": 1700747977
  },
  "There is no Team in Victory": {
    "earned": false,
    "earned_time": 0
  },
  "Time for an Adventure": {
    "earned": false,
    "earned_time": 0
  },
  "Tonight&": {
    "earned": true,
    "earned_time": 1700741213
  },
  "Top 50%": {
    "earned": false,
    "earned_time": 0
  },
  "Top of the Food Chain": {
    "earned": false,
    "earned_time": 0
  },
  "Tortoise and the Hare": {
    "earned": false,
    "earned_time": 0
  },
  "Toy-box": {
    "earned": false,
    "earned_time": 0
  },
  "Trailblazing": {
    "earned": false,
    "earned_time": 0
  },
  "Triple-A Taxis": {
    "earned": false,
    "earned_time": 0
  },
  "Tunnel  Vision": {
    "earned": true,
    "earned_time": 1700741192
  },
  "Underdog": {
    "earned": false,
    "earned_time": 0
  },
  "Wait&how did you do that?": {
    "earned": false,
    "earned_time": 0
  },
  "We Have the Technology": {
    "earned": true,
    "earned_time": 1700933472
  },
  "Week Complete": {
    "earned": false,
    "earned_time": 0
  },
  "Welcome to Britain": {
    "earned": true,
    "earned_time": 1700741180
  },
  "Welcome to Fortune Island": {
    "earned": true,
    "earned_time": 1700741216
  },
  "Welcome to LEGO& Speed Champions": {
    "earned": true,
    "earned_time": 1700934455
  },
  "Welcome to The Eliminator": {
    "earned": false,
    "earned_time": 0
  },
  "Welcome to a New Horizon": {
    "earned": true,
    "earned_time": 1700741225
  },
  "Well Seasoned": {
    "earned": true,
    "earned_time": 1700741237
  },
  "Whatever Next?": {
    "earned": true,
    "earned_time": 1701339879
  },
  "WildStyle": {
    "earned": false,
    "earned_time": 0
  },
  "Winner, Winner, Brick'n Dinner": {
    "earned": false,
    "earned_time": 0
  },
  "Winter Has Come": {
    "earned": true,
    "earned_time": 1700741219
  },
  "Winter is Running": {
    "earned": false,
    "earned_time": 0
  },
  "With a Little Help From My Friends": {
    "earned": false,
    "earned_time": 0
  },
  "Wolf in Sheep's Clothing": {
    "earned": false,
    "earned_time": 0
  },
  "World's Least Obedient Racing Driver": {
    "earned": false,
    "earned_time": 0
  },
  "YOU ARE THE ELIMINATOR": {
    "earned": false,
    "earned_time": 0
  },
  "You should take a rest!": {
    "earned": false,
    "earned_time": 0
  },
  "You're Gonna Need a Bigger Tote": {
    "earned": false,
    "earned_time": 0
  }
}